-- phpMyAdmin SQL Dump
-- version 5.2.1
-- https://www.phpmyadmin.net/
--
-- Host: 127.0.0.1
-- Generation Time: Oct 18, 2024 at 06:03 AM
-- Server version: 10.4.28-MariaDB
-- PHP Version: 8.2.4

SET SQL_MODE = "NO_AUTO_VALUE_ON_ZERO";
START TRANSACTION;
SET time_zone = "+00:00";


/*!40101 SET @OLD_CHARACTER_SET_CLIENT=@@CHARACTER_SET_CLIENT */;
/*!40101 SET @OLD_CHARACTER_SET_RESULTS=@@CHARACTER_SET_RESULTS */;
/*!40101 SET @OLD_COLLATION_CONNECTION=@@COLLATION_CONNECTION */;
/*!40101 SET NAMES utf8mb4 */;

--
-- Database: `webbilling`
--

-- --------------------------------------------------------

--
-- Table structure for table `aspnetroleclaims`
--

CREATE TABLE `aspnetroleclaims` (
  `Id` int(11) NOT NULL,
  `RoleId` varchar(255) NOT NULL,
  `ClaimType` longtext DEFAULT NULL,
  `ClaimValue` longtext DEFAULT NULL
) ENGINE=InnoDB DEFAULT CHARSET=utf8mb4 COLLATE=utf8mb4_general_ci;

-- --------------------------------------------------------

--
-- Table structure for table `aspnetroles`
--

CREATE TABLE `aspnetroles` (
  `Id` varchar(255) NOT NULL,
  `Name` varchar(256) DEFAULT NULL,
  `NormalizedName` varchar(256) DEFAULT NULL,
  `ConcurrencyStamp` longtext DEFAULT NULL
) ENGINE=InnoDB DEFAULT CHARSET=utf8mb4 COLLATE=utf8mb4_general_ci;

-- --------------------------------------------------------

--
-- Table structure for table `aspnetuserclaims`
--

CREATE TABLE `aspnetuserclaims` (
  `Id` int(11) NOT NULL,
  `UserId` varchar(255) NOT NULL,
  `ClaimType` longtext DEFAULT NULL,
  `ClaimValue` longtext DEFAULT NULL
) ENGINE=InnoDB DEFAULT CHARSET=utf8mb4 COLLATE=utf8mb4_general_ci;

-- --------------------------------------------------------

--
-- Table structure for table `aspnetuserlogins`
--

CREATE TABLE `aspnetuserlogins` (
  `LoginProvider` varchar(128) NOT NULL,
  `ProviderKey` varchar(128) NOT NULL,
  `ProviderDisplayName` longtext DEFAULT NULL,
  `UserId` varchar(255) NOT NULL
) ENGINE=InnoDB DEFAULT CHARSET=utf8mb4 COLLATE=utf8mb4_general_ci;

-- --------------------------------------------------------

--
-- Table structure for table `aspnetuserroles`
--

CREATE TABLE `aspnetuserroles` (
  `UserId` varchar(255) NOT NULL,
  `RoleId` varchar(255) NOT NULL
) ENGINE=InnoDB DEFAULT CHARSET=utf8mb4 COLLATE=utf8mb4_general_ci;

-- --------------------------------------------------------

--
-- Table structure for table `aspnetusers`
--

CREATE TABLE `aspnetusers` (
  `Id` varchar(255) NOT NULL,
  `UserName` varchar(256) DEFAULT NULL,
  `NormalizedUserName` varchar(256) DEFAULT NULL,
  `Email` varchar(256) DEFAULT NULL,
  `NormalizedEmail` varchar(256) DEFAULT NULL,
  `EmailConfirmed` tinyint(1) NOT NULL,
  `PasswordHash` longtext DEFAULT NULL,
  `SecurityStamp` longtext DEFAULT NULL,
  `ConcurrencyStamp` longtext DEFAULT NULL,
  `PhoneNumber` longtext DEFAULT NULL,
  `PhoneNumberConfirmed` tinyint(1) NOT NULL,
  `TwoFactorEnabled` tinyint(1) NOT NULL,
  `LockoutEnd` datetime DEFAULT NULL,
  `LockoutEnabled` tinyint(1) NOT NULL,
  `AccessFailedCount` int(11) NOT NULL
) ENGINE=InnoDB DEFAULT CHARSET=utf8mb4 COLLATE=utf8mb4_general_ci;

-- --------------------------------------------------------

--
-- Table structure for table `aspnetusertokens`
--

CREATE TABLE `aspnetusertokens` (
  `UserId` varchar(255) NOT NULL,
  `LoginProvider` varchar(128) NOT NULL,
  `Name` varchar(128) NOT NULL,
  `Value` longtext DEFAULT NULL
) ENGINE=InnoDB DEFAULT CHARSET=utf8mb4 COLLATE=utf8mb4_general_ci;

-- --------------------------------------------------------

--
-- Table structure for table `bills`
--

CREATE TABLE `bills` (
  `BillId` int(11) NOT NULL,
  `UserId` int(11) NOT NULL,
  `WaterId` int(11) NOT NULL,
  `ElectricityId` int(11) NOT NULL,
  `TarriffId` int(11) NOT NULL,
  `BasicCost` decimal(18,2) NOT NULL,
  `TarriffDiscount` decimal(18,2) NOT NULL,
  `TotalCost` decimal(18,2) NOT NULL
) ENGINE=InnoDB DEFAULT CHARSET=utf8mb4 COLLATE=utf8mb4_general_ci;

-- --------------------------------------------------------

--
-- Table structure for table `electricities`
--

CREATE TABLE `electricities` (
  `ElectricityId` int(11) NOT NULL,
  `Usage` decimal(18,2) NOT NULL,
  `Rate` decimal(18,2) NOT NULL,
  `Cost` decimal(18,2) NOT NULL,
  `RegUserId` int(11) DEFAULT NULL,
  `DueDate` datetime(6) NOT NULL DEFAULT '0001-01-01 00:00:00.000000',
  `status` int(11) NOT NULL DEFAULT 0
) ENGINE=InnoDB DEFAULT CHARSET=utf8mb4 COLLATE=utf8mb4_general_ci;

--
-- Dumping data for table `electricities`
--

INSERT INTO `electricities` (`ElectricityId`, `Usage`, `Rate`, `Cost`, `RegUserId`, `DueDate`, `status`) VALUES
(1, 350.50, 3.38, 1184.69, 1, '0001-01-01 00:00:00.000000', 0),
(2, 410.75, 3.38, 1388.34, 2, '0001-01-01 00:00:00.000000', 0),
(3, 500.30, 3.38, 1691.01, 3, '0001-01-01 00:00:00.000000', 0),
(4, 620.40, 3.38, 2096.95, 4, '0001-01-01 00:00:00.000000', 0),
(5, 730.15, 3.38, 2468.91, 5, '0001-01-01 00:00:00.000000', 0),
(6, 810.25, 3.38, 2738.65, 6, '0001-01-01 00:00:00.000000', 0),
(7, 900.50, 3.38, 3043.69, 7, '0001-01-01 00:00:00.000000', 0),
(8, 780.75, 3.38, 2641.94, 8, '0001-01-01 00:00:00.000000', 0),
(9, 340.30, 3.38, 1150.21, 9, '0001-01-01 00:00:00.000000', 0),
(10, 670.85, 3.38, 2268.47, 10, '0001-01-01 00:00:00.000000', 0),
(11, 930.10, 3.38, 3144.74, 11, '0001-01-01 00:00:00.000000', 0),
(12, 520.40, 3.38, 1759.75, 12, '0001-01-01 00:00:00.000000', 0),
(13, 460.75, 3.38, 1557.33, 13, '0001-01-01 00:00:00.000000', 0),
(14, 380.50, 3.38, 1284.29, 14, '0001-01-01 00:00:00.000000', 0),
(15, 710.25, 3.38, 2406.68, 15, '0001-01-01 00:00:00.000000', 0),
(16, 990.60, 3.38, 3347.23, 16, '0001-01-01 00:00:00.000000', 0),
(17, 345.10, 3.38, 1165.44, 17, '0001-01-01 00:00:00.000000', 0),
(18, 760.25, 3.38, 2560.05, 18, '0001-01-01 00:00:00.000000', 0),
(19, 885.75, 3.38, 2994.89, 19, '0001-01-01 00:00:00.000000', 0),
(20, 930.50, 3.38, 3146.09, 20, '0001-01-01 00:00:00.000000', 0),
(21, 340.30, 3.38, 1150.21, 21, '0001-01-01 00:00:00.000000', 0),
(22, 615.50, 3.38, 2080.39, 1, '0001-01-01 00:00:00.000000', 0),
(23, 750.20, 3.38, 2537.68, 2, '0001-01-01 00:00:00.000000', 0),
(24, 690.35, 3.38, 2332.38, 3, '0001-01-01 00:00:00.000000', 0),
(25, 830.80, 3.38, 2807.10, 4, '0001-01-01 00:00:00.000000', 0),
(26, 435.75, 3.38, 1472.83, 5, '0001-01-01 00:00:00.000000', 0),
(27, 490.60, 3.38, 1657.23, 6, '0001-01-01 00:00:00.000000', 0),
(28, 620.90, 3.38, 2098.64, 7, '0001-01-01 00:00:00.000000', 0),
(29, 540.45, 3.38, 1827.12, 8, '0001-01-01 00:00:00.000000', 0),
(30, 780.30, 3.38, 2639.41, 9, '0001-01-01 00:00:00.000000', 0),
(31, 850.10, 3.38, 2870.34, 10, '0001-01-01 00:00:00.000000', 0),
(32, 630.75, 3.38, 2133.94, 11, '0001-01-01 00:00:00.000000', 0),
(33, 740.60, 3.38, 2504.23, 12, '0001-01-01 00:00:00.000000', 0),
(34, 395.90, 3.38, 1337.12, 13, '0001-01-01 00:00:00.000000', 0),
(35, 665.10, 3.38, 2248.06, 14, '0001-01-01 00:00:00.000000', 0),
(36, 570.40, 3.38, 1927.95, 15, '0001-01-01 00:00:00.000000', 0),
(37, 810.30, 3.38, 2738.91, 16, '0001-01-01 00:00:00.000000', 0),
(38, 590.25, 3.38, 1995.04, 17, '0001-01-01 00:00:00.000000', 0),
(39, 700.50, 3.38, 2362.69, 18, '0001-01-01 00:00:00.000000', 0),
(40, 960.85, 3.38, 3248.47, 19, '0001-01-01 00:00:00.000000', 0),
(41, 880.10, 3.38, 2972.74, 20, '0001-01-01 00:00:00.000000', 0),
(42, 660.50, 3.38, 2231.29, 21, '0001-01-01 00:00:00.000000', 0),
(43, 550.75, 3.38, 1860.54, 1, '0001-01-01 00:00:00.000000', 0),
(44, 945.20, 3.38, 3194.78, 2, '0001-01-01 00:00:00.000000', 0),
(45, 810.40, 3.38, 2739.23, 3, '0001-01-01 00:00:00.000000', 0),
(46, 335.60, 3.38, 1133.33, 4, '0001-01-01 00:00:00.000000', 0),
(47, 790.85, 3.38, 2674.07, 5, '0001-01-01 00:00:00.000000', 0),
(48, 980.40, 3.38, 3315.75, 6, '0001-01-01 00:00:00.000000', 0);

-- --------------------------------------------------------

--
-- Table structure for table `regs`
--

CREATE TABLE `regs` (
  `UserId` int(11) NOT NULL,
  `Name` longtext NOT NULL,
  `Surname` longtext NOT NULL,
  `Email` longtext NOT NULL,
  `Password` longtext NOT NULL,
  `ConfirmPassword` longtext NOT NULL,
  `IdNumber` varchar(13) NOT NULL
) ENGINE=InnoDB DEFAULT CHARSET=utf8mb4 COLLATE=utf8mb4_general_ci;

--
-- Dumping data for table `regs`
--

INSERT INTO `regs` (`UserId`, `Name`, `Surname`, `Email`, `Password`, `ConfirmPassword`, `IdNumber`) VALUES
(1, 'John', 'van der Merwe', 'john.vdm@email.com', 'P@ssw0rd1', 'P@ssw0rd1', '8001015009087'),
(2, 'Thabo', 'Mkhize', 'thabo.m@email.com', 'Secur3P@ss', 'Secur3P@ss', '7905125800084'),
(3, 'Sarah', 'Botha', 'sarah.b@email.com', 'B0th@2023', 'B0th@2023', '9202034800085'),
(4, 'Lerato', 'Ndlovu', 'lerato.n@email.com', 'Ndl0vu#1', 'Ndr0vu#1', '8808175009086'),
(5, 'Pieter', 'Pretorius', 'pieter.p@email.com', 'Pr3t0r!us', 'Pr3t0r!us', '7603195800083'),
(6, 'Nomsa', 'Dlamini', 'nomsa.d@email.com', 'Dl@m1n1#', 'Dl@m1n1#', '9107084800082'),
(7, 'David', 'Smith', 'david.s@email.com', 'Sm!thD@v3', 'Sm!thD@v3', '8504075009081'),
(8, 'Zanele', 'Mbatha', 'zanele.m@email.com', 'Mb@th@2023', 'Mb@th@2023', '9309124800080'),
(9, 'Willem', 'de Klerk', 'willem.dk@email.com', 'DeKl3rk#1', 'DeKl3rk#1', '7701015800089'),
(10, 'Nthabiseng', 'Mokoena', 'nthabiseng.m@email.com', 'M0k03n@#', 'M0k03n@#', '8806034800088'),
(11, 'Jacques', 'du Plessis', 'jacques.dp@email.com', 'DuPl3ss!s', 'DuPl3ss!s', '9002075009087'),
(12, 'Precious', 'Nkosi', 'precious.n@email.com', 'Nk0s!2023', 'Nk0s!2023', '8710124800086'),
(13, 'Hendrik', 'Fourie', 'hendrik.f@email.com', 'F0ur!3#1', 'F0ur!3#1', '7808195800085'),
(14, 'Thembi', 'Khumalo', 'thembi.k@email.com', 'Khum@l0#', 'Khum@l0#', '9305034800084'),
(15, 'Charl', 'Venter', 'charl.v@email.com', 'V3nt3r@1', 'V3nt3r@1', '8401075009083'),
(16, 'Lindiwe', 'Sithole', 'lindiwe.s@email.com', 'S!th0l3#', 'S!th0l3#', '9109124800082'),
(17, 'Francois', 'Rossouw', 'francois.r@email.com', 'R0ss0uw#1', 'R0ss0uw#1', '7706195800081'),
(18, 'Nokuthula', 'Zwane', 'nokuthula.z@email.com', 'Zw@n32023', 'Zw@n32023', '8904034800080'),
(19, 'Gerhard', 'Oosthuizen', 'gerhard.o@email.com', '00sthu!z3n', '00sthu!z3n', '9003075009089'),
(20, 'Busisiwe', 'Mahlangu', 'busisiwe.m@email.com', 'M@hl@ngu1', 'M@hl@ngu1', '8801124800088'),
(21, 'Test', 'User', 'user@gmail.com', 'User@test_1', 'User@test_1', '0506275685087'),
(22, 'Eddy', 'Kingston', 'eddy@gmail.com', 'eddy@gmail.com', 'eddy@gmail.com', '8106275685087');

-- --------------------------------------------------------

--
-- Table structure for table `tarriffs`
--

CREATE TABLE `tarriffs` (
  `TarriffId` int(11) NOT NULL,
  `Name` longtext NOT NULL,
  `DiscRate` decimal(18,2) NOT NULL
) ENGINE=InnoDB DEFAULT CHARSET=utf8mb4 COLLATE=utf8mb4_general_ci;

-- --------------------------------------------------------

--
-- Table structure for table `waters`
--

CREATE TABLE `waters` (
  `WaterId` int(11) NOT NULL,
  `Usage` decimal(18,2) NOT NULL,
  `Rate` decimal(18,2) NOT NULL,
  `Cost` decimal(18,2) NOT NULL,
  `RegUserId` int(11) NOT NULL,
  `DueDate` datetime(6) NOT NULL DEFAULT '0001-01-01 00:00:00.000000',
  `status` longtext NOT NULL
) ENGINE=InnoDB DEFAULT CHARSET=utf8mb4 COLLATE=utf8mb4_general_ci;

--
-- Dumping data for table `waters`
--

INSERT INTO `waters` (`WaterId`, `Usage`, `Rate`, `Cost`, `RegUserId`, `DueDate`, `status`) VALUES
(101, 150.00, 0.50, 75.00, 1, '2022-01-01 00:00:00.000000', 'unpaid'),
(102, 300.00, 0.50, 150.00, 2, '2022-01-01 00:00:00.000000', 'unpaid'),
(103, 450.00, 0.50, 225.00, 3, '2022-01-01 00:00:00.000000', 'unpaid'),
(104, 600.00, 0.50, 300.00, 4, '2022-01-01 00:00:00.000000', 'unpaid'),
(105, 750.00, 0.50, 375.00, 5, '2022-01-01 00:00:00.000000', 'unpaid'),
(106, 900.00, 0.50, 450.00, 6, '2022-01-01 00:00:00.000000', 'unpaid'),
(107, 1050.00, 0.50, 525.00, 7, '2022-01-01 00:00:00.000000', 'unpaid'),
(108, 1200.00, 0.50, 600.00, 8, '2022-01-01 00:00:00.000000', 'unpaid'),
(109, 1350.00, 0.50, 675.00, 9, '2022-01-01 00:00:00.000000', 'unpaid'),
(110, 1500.00, 0.50, 750.00, 10, '2022-01-01 00:00:00.000000', 'unpaid'),
(111, 1650.00, 0.50, 825.00, 11, '2022-01-01 00:00:00.000000', 'unpaid'),
(112, 1800.00, 0.50, 900.00, 12, '2022-01-01 00:00:00.000000', 'unpaid'),
(113, 1950.00, 0.50, 975.00, 13, '2022-01-01 00:00:00.000000', 'unpaid'),
(114, 2000.00, 0.50, 1000.00, 14, '2022-01-01 00:00:00.000000', 'unpaid'),
(115, 150.00, 0.50, 75.00, 15, '2022-01-01 00:00:00.000000', 'unpaid'),
(116, 300.00, 0.50, 150.00, 16, '2022-01-01 00:00:00.000000', 'unpaid'),
(117, 450.00, 0.50, 225.00, 17, '2022-01-01 00:00:00.000000', 'unpaid'),
(118, 600.00, 0.50, 300.00, 18, '2022-01-01 00:00:00.000000', 'unpaid'),
(119, 750.00, 0.50, 375.00, 19, '2022-01-01 00:00:00.000000', 'unpaid'),
(120, 900.00, 0.50, 450.00, 20, '2022-01-01 00:00:00.000000', 'unpaid'),
(121, 1050.00, 0.50, 525.00, 21, '2022-01-01 00:00:00.000000', 'unpaid'),
(122, 160.00, 0.50, 80.00, 1, '2022-02-01 00:00:00.000000', 'unpaid'),
(123, 310.00, 0.50, 155.00, 2, '2022-02-01 00:00:00.000000', 'unpaid'),
(124, 460.00, 0.50, 230.00, 3, '2022-02-01 00:00:00.000000', 'unpaid'),
(125, 610.00, 0.50, 305.00, 4, '2022-02-01 00:00:00.000000', 'unpaid'),
(126, 760.00, 0.50, 380.00, 5, '2022-02-01 00:00:00.000000', 'unpaid'),
(127, 910.00, 0.50, 455.00, 6, '2022-02-01 00:00:00.000000', 'unpaid'),
(128, 1060.00, 0.50, 530.00, 7, '2022-02-01 00:00:00.000000', 'unpaid'),
(129, 1210.00, 0.50, 605.00, 8, '2022-02-01 00:00:00.000000', 'unpaid'),
(130, 1360.00, 0.50, 680.00, 9, '2022-02-01 00:00:00.000000', 'unpaid'),
(131, 1510.00, 0.50, 755.00, 10, '2022-02-01 00:00:00.000000', 'unpaid'),
(132, 1660.00, 0.50, 830.00, 11, '2022-02-01 00:00:00.000000', 'unpaid'),
(133, 1810.00, 0.50, 905.00, 12, '2022-02-01 00:00:00.000000', 'unpaid'),
(134, 1960.00, 0.50, 980.00, 13, '2022-02-01 00:00:00.000000', 'unpaid'),
(135, 2000.00, 0.50, 1000.00, 14, '2022-02-01 00:00:00.000000', 'unpaid'),
(136, 150.00, 0.50, 75.00, 15, '2022-02-01 00:00:00.000000', 'unpaid'),
(137, 300.00, 0.50, 150.00, 16, '2022-02-01 00:00:00.000000', 'unpaid'),
(138, 450.00, 0.50, 225.00, 17, '2022-02-01 00:00:00.000000', 'unpaid'),
(139, 600.00, 0.50, 300.00, 18, '2022-02-01 00:00:00.000000', 'unpaid'),
(140, 750.00, 0.50, 375.00, 19, '2022-02-01 00:00:00.000000', 'unpaid'),
(141, 900.00, 0.50, 450.00, 20, '2022-02-01 00:00:00.000000', 'unpaid'),
(142, 1050.00, 0.50, 525.00, 21, '2022-02-01 00:00:00.000000', 'unpaid'),
(143, 150.00, 0.50, 75.00, 1, '2022-03-01 00:00:00.000000', 'unpaid'),
(144, 200.00, 0.50, 100.00, 2, '2022-03-01 00:00:00.000000', 'unpaid'),
(145, 250.00, 0.50, 125.00, 3, '2022-03-01 00:00:00.000000', 'unpaid'),
(146, 300.00, 0.50, 150.00, 4, '2022-03-01 00:00:00.000000', 'unpaid'),
(147, 1500.00, 0.50, 750.00, 5, '2022-03-01 00:00:00.000000', 'unpaid'),
(148, 1800.00, 0.50, 900.00, 6, '2022-03-01 00:00:00.000000', 'unpaid'),
(149, 1350.00, 0.50, 675.00, 7, '2022-03-01 00:00:00.000000', 'unpaid'),
(150, 1600.00, 0.50, 800.00, 8, '2022-03-01 00:00:00.000000', 'unpaid'),
(151, 1900.00, 0.50, 950.00, 9, '2022-03-01 00:00:00.000000', 'unpaid'),
(152, 2000.00, 0.50, 1000.00, 10, '2022-03-01 00:00:00.000000', 'unpaid'),
(153, 1700.00, 0.50, 850.00, 11, '2022-03-01 00:00:00.000000', 'unpaid'),
(154, 1400.00, 0.50, 700.00, 12, '2022-03-01 00:00:00.000000', 'unpaid'),
(155, 1300.00, 0.50, 650.00, 13, '2022-03-01 00:00:00.000000', 'unpaid'),
(156, 1200.00, 0.50, 600.00, 14, '2022-03-01 00:00:00.000000', 'unpaid'),
(157, 1100.00, 0.50, 550.00, 15, '2022-03-01 00:00:00.000000', 'unpaid'),
(158, 1000.00, 0.50, 500.00, 16, '2022-03-01 00:00:00.000000', 'unpaid'),
(159, 900.00, 0.50, 450.00, 17, '2022-03-01 00:00:00.000000', 'unpaid'),
(160, 800.00, 0.50, 400.00, 18, '2022-03-01 00:00:00.000000', 'unpaid'),
(161, 700.00, 0.50, 350.00, 19, '2022-03-01 00:00:00.000000', 'unpaid'),
(162, 600.00, 0.50, 300.00, 20, '2022-03-01 00:00:00.000000', 'unpaid'),
(163, 500.00, 0.50, 250.00, 21, '2022-03-01 00:00:00.000000', 'unpaid'),
(164, 150.00, 0.50, 75.00, 1, '2022-04-01 00:00:00.000000', 'unpaid'),
(165, 300.00, 0.50, 150.00, 2, '2022-04-01 00:00:00.000000', 'unpaid'),
(166, 450.00, 0.50, 225.00, 3, '2022-04-01 00:00:00.000000', 'unpaid'),
(167, 600.00, 0.50, 300.00, 4, '2022-04-01 00:00:00.000000', 'unpaid'),
(168, 750.00, 0.50, 375.00, 5, '2022-04-01 00:00:00.000000', 'unpaid'),
(169, 900.00, 0.50, 450.00, 6, '2022-04-01 00:00:00.000000', 'unpaid'),
(170, 1050.00, 0.50, 525.00, 7, '2022-04-01 00:00:00.000000', 'unpaid'),
(171, 1200.00, 0.50, 600.00, 8, '2022-04-01 00:00:00.000000', 'unpaid'),
(172, 1350.00, 0.50, 675.00, 9, '2022-04-01 00:00:00.000000', 'unpaid'),
(173, 1500.00, 0.50, 750.00, 10, '2022-04-01 00:00:00.000000', 'unpaid'),
(174, 1650.00, 0.50, 825.00, 11, '2022-04-01 00:00:00.000000', 'unpaid'),
(175, 1800.00, 0.50, 900.00, 12, '2022-04-01 00:00:00.000000', 'unpaid'),
(176, 1950.00, 0.50, 975.00, 13, '2022-04-01 00:00:00.000000', 'unpaid'),
(177, 2000.00, 0.50, 1000.00, 14, '2022-04-01 00:00:00.000000', 'unpaid'),
(178, 150.00, 0.50, 75.00, 15, '2022-04-01 00:00:00.000000', 'unpaid'),
(179, 300.00, 0.50, 150.00, 16, '2022-04-01 00:00:00.000000', 'unpaid'),
(180, 450.00, 0.50, 225.00, 17, '2022-04-01 00:00:00.000000', 'unpaid'),
(181, 600.00, 0.50, 300.00, 18, '2022-04-01 00:00:00.000000', 'unpaid'),
(182, 750.00, 0.50, 375.00, 19, '2022-04-01 00:00:00.000000', 'unpaid'),
(183, 900.00, 0.50, 450.00, 20, '2022-04-01 00:00:00.000000', 'unpaid'),
(184, 1050.00, 0.50, 525.00, 21, '2022-04-01 00:00:00.000000', 'unpaid'),
(185, 150.00, 0.50, 75.00, 1, '2022-05-01 00:00:00.000000', 'unpaid'),
(186, 300.00, 0.50, 150.00, 2, '2022-05-01 00:00:00.000000', 'unpaid'),
(187, 450.00, 0.50, 225.00, 3, '2022-05-01 00:00:00.000000', 'unpaid'),
(188, 600.00, 0.50, 300.00, 4, '2022-05-01 00:00:00.000000', 'unpaid'),
(189, 750.00, 0.50, 375.00, 5, '2022-05-01 00:00:00.000000', 'unpaid'),
(190, 900.00, 0.50, 450.00, 6, '2022-05-01 00:00:00.000000', 'unpaid'),
(191, 1050.00, 0.50, 525.00, 7, '2022-05-01 00:00:00.000000', 'unpaid'),
(192, 1200.00, 0.50, 600.00, 8, '2022-05-01 00:00:00.000000', 'unpaid'),
(193, 1350.00, 0.50, 675.00, 9, '2022-05-01 00:00:00.000000', 'unpaid'),
(194, 1500.00, 0.50, 750.00, 10, '2022-05-01 00:00:00.000000', 'unpaid'),
(195, 1650.00, 0.50, 825.00, 11, '2022-05-01 00:00:00.000000', 'unpaid'),
(196, 1800.00, 0.50, 900.00, 12, '2022-05-01 00:00:00.000000', 'unpaid'),
(197, 1950.00, 0.50, 975.00, 13, '2022-05-01 00:00:00.000000', 'unpaid'),
(198, 2000.00, 0.50, 1000.00, 14, '2022-05-01 00:00:00.000000', 'unpaid'),
(199, 150.00, 0.50, 75.00, 15, '2022-05-01 00:00:00.000000', 'unpaid'),
(200, 300.00, 0.50, 150.00, 16, '2022-05-01 00:00:00.000000', 'unpaid'),
(201, 450.00, 0.50, 225.00, 17, '2022-05-01 00:00:00.000000', 'unpaid'),
(202, 600.00, 0.50, 300.00, 18, '2022-05-01 00:00:00.000000', 'unpaid'),
(203, 750.00, 0.50, 375.00, 19, '2022-05-01 00:00:00.000000', 'unpaid'),
(204, 900.00, 0.50, 450.00, 20, '2022-05-01 00:00:00.000000', 'unpaid'),
(205, 1050.00, 0.50, 525.00, 21, '2022-05-01 00:00:00.000000', 'unpaid'),
(206, 150.00, 0.50, 75.00, 1, '2022-06-01 00:00:00.000000', 'unpaid'),
(207, 300.00, 0.50, 150.00, 2, '2022-06-01 00:00:00.000000', 'unpaid'),
(208, 450.00, 0.50, 225.00, 3, '2022-06-01 00:00:00.000000', 'unpaid'),
(209, 600.00, 0.50, 300.00, 4, '2022-06-01 00:00:00.000000', 'unpaid'),
(210, 750.00, 0.50, 375.00, 5, '2022-06-01 00:00:00.000000', 'unpaid'),
(211, 900.00, 0.50, 450.00, 6, '2022-06-01 00:00:00.000000', 'unpaid'),
(212, 1050.00, 0.50, 525.00, 7, '2022-06-01 00:00:00.000000', 'unpaid'),
(213, 1200.00, 0.50, 600.00, 8, '2022-06-01 00:00:00.000000', 'unpaid'),
(214, 1350.00, 0.50, 675.00, 9, '2022-06-01 00:00:00.000000', 'unpaid'),
(215, 1500.00, 0.50, 750.00, 10, '2022-06-01 00:00:00.000000', 'unpaid'),
(216, 1650.00, 0.50, 825.00, 11, '2022-06-01 00:00:00.000000', 'unpaid'),
(217, 1800.00, 0.50, 900.00, 12, '2022-06-01 00:00:00.000000', 'unpaid'),
(218, 1950.00, 0.50, 975.00, 13, '2022-06-01 00:00:00.000000', 'unpaid'),
(219, 2000.00, 0.50, 1000.00, 14, '2022-06-01 00:00:00.000000', 'unpaid'),
(220, 150.00, 0.50, 75.00, 15, '2022-06-01 00:00:00.000000', 'unpaid'),
(221, 300.00, 0.50, 150.00, 16, '2022-06-01 00:00:00.000000', 'unpaid'),
(222, 450.00, 0.50, 225.00, 17, '2022-06-01 00:00:00.000000', 'unpaid'),
(223, 600.00, 0.50, 300.00, 18, '2022-06-01 00:00:00.000000', 'unpaid'),
(224, 750.00, 0.50, 375.00, 19, '2022-06-01 00:00:00.000000', 'unpaid'),
(225, 900.00, 0.50, 450.00, 20, '2022-06-01 00:00:00.000000', 'unpaid'),
(226, 1050.00, 0.50, 525.00, 21, '2022-06-01 00:00:00.000000', 'unpaid'),
(227, 150.00, 0.50, 75.00, 1, '2022-07-01 00:00:00.000000', 'unpaid'),
(228, 300.00, 0.50, 150.00, 2, '2022-07-01 00:00:00.000000', 'unpaid'),
(229, 450.00, 0.50, 225.00, 3, '2022-07-01 00:00:00.000000', 'unpaid'),
(230, 600.00, 0.50, 300.00, 4, '2022-07-01 00:00:00.000000', 'unpaid'),
(231, 750.00, 0.50, 375.00, 5, '2022-07-01 00:00:00.000000', 'unpaid'),
(232, 900.00, 0.50, 450.00, 6, '2022-07-01 00:00:00.000000', 'unpaid'),
(233, 1050.00, 0.50, 525.00, 7, '2022-07-01 00:00:00.000000', 'unpaid'),
(234, 1200.00, 0.50, 600.00, 8, '2022-07-01 00:00:00.000000', 'unpaid'),
(235, 1350.00, 0.50, 675.00, 9, '2022-07-01 00:00:00.000000', 'unpaid'),
(236, 1500.00, 0.50, 750.00, 10, '2022-07-01 00:00:00.000000', 'unpaid'),
(237, 1650.00, 0.50, 825.00, 11, '2022-07-01 00:00:00.000000', 'unpaid'),
(238, 1800.00, 0.50, 900.00, 12, '2022-07-01 00:00:00.000000', 'unpaid'),
(239, 1950.00, 0.50, 975.00, 13, '2022-07-01 00:00:00.000000', 'unpaid'),
(240, 2000.00, 0.50, 1000.00, 14, '2022-07-01 00:00:00.000000', 'unpaid'),
(241, 150.00, 0.50, 75.00, 15, '2022-07-01 00:00:00.000000', 'unpaid'),
(242, 300.00, 0.50, 150.00, 16, '2022-07-01 00:00:00.000000', 'unpaid'),
(243, 450.00, 0.50, 225.00, 17, '2022-07-01 00:00:00.000000', 'unpaid'),
(244, 600.00, 0.50, 300.00, 18, '2022-07-01 00:00:00.000000', 'unpaid'),
(245, 750.00, 0.50, 375.00, 19, '2022-07-01 00:00:00.000000', 'unpaid'),
(246, 900.00, 0.50, 450.00, 20, '2022-07-01 00:00:00.000000', 'unpaid'),
(247, 1050.00, 0.50, 525.00, 21, '2022-07-01 00:00:00.000000', 'unpaid'),
(248, 150.00, 0.50, 75.00, 1, '2022-08-01 00:00:00.000000', 'unpaid'),
(249, 300.00, 0.50, 150.00, 2, '2022-08-01 00:00:00.000000', 'unpaid'),
(250, 450.00, 0.50, 225.00, 3, '2022-08-01 00:00:00.000000', 'unpaid'),
(251, 600.00, 0.50, 300.00, 4, '2022-08-01 00:00:00.000000', 'unpaid'),
(252, 750.00, 0.50, 375.00, 5, '2022-08-01 00:00:00.000000', 'unpaid'),
(253, 900.00, 0.50, 450.00, 6, '2022-08-01 00:00:00.000000', 'unpaid'),
(254, 1050.00, 0.50, 525.00, 7, '2022-08-01 00:00:00.000000', 'unpaid'),
(255, 1200.00, 0.50, 600.00, 8, '2022-08-01 00:00:00.000000', 'unpaid'),
(256, 1350.00, 0.50, 675.00, 9, '2022-08-01 00:00:00.000000', 'unpaid'),
(257, 1500.00, 0.50, 750.00, 10, '2022-08-01 00:00:00.000000', 'unpaid'),
(258, 1650.00, 0.50, 825.00, 11, '2022-08-01 00:00:00.000000', 'unpaid'),
(259, 1800.00, 0.50, 900.00, 12, '2022-08-01 00:00:00.000000', 'unpaid'),
(260, 1950.00, 0.50, 975.00, 13, '2022-08-01 00:00:00.000000', 'unpaid'),
(261, 2000.00, 0.50, 1000.00, 14, '2022-08-01 00:00:00.000000', 'unpaid'),
(262, 150.00, 0.50, 75.00, 15, '2022-08-01 00:00:00.000000', 'unpaid'),
(263, 300.00, 0.50, 150.00, 16, '2022-08-01 00:00:00.000000', 'unpaid'),
(264, 450.00, 0.50, 225.00, 17, '2022-08-01 00:00:00.000000', 'unpaid'),
(265, 600.00, 0.50, 300.00, 18, '2022-08-01 00:00:00.000000', 'unpaid'),
(266, 750.00, 0.50, 375.00, 19, '2022-08-01 00:00:00.000000', 'unpaid'),
(267, 900.00, 0.50, 450.00, 20, '2022-08-01 00:00:00.000000', 'unpaid'),
(268, 1050.00, 0.50, 525.00, 21, '2022-08-01 00:00:00.000000', 'unpaid'),
(269, 150.00, 0.50, 75.00, 1, '2022-09-01 00:00:00.000000', 'unpaid'),
(270, 300.00, 0.50, 150.00, 2, '2022-09-01 00:00:00.000000', 'unpaid'),
(271, 450.00, 0.50, 225.00, 3, '2022-09-01 00:00:00.000000', 'unpaid'),
(272, 600.00, 0.50, 300.00, 4, '2022-09-01 00:00:00.000000', 'unpaid'),
(273, 750.00, 0.50, 375.00, 5, '2022-09-01 00:00:00.000000', 'unpaid'),
(274, 900.00, 0.50, 450.00, 6, '2022-09-01 00:00:00.000000', 'unpaid'),
(275, 1050.00, 0.50, 525.00, 7, '2022-09-01 00:00:00.000000', 'unpaid'),
(276, 1200.00, 0.50, 600.00, 8, '2022-09-01 00:00:00.000000', 'unpaid'),
(277, 1350.00, 0.50, 675.00, 9, '2022-09-01 00:00:00.000000', 'unpaid'),
(278, 1500.00, 0.50, 750.00, 10, '2022-09-01 00:00:00.000000', 'unpaid'),
(279, 1650.00, 0.50, 825.00, 11, '2022-09-01 00:00:00.000000', 'unpaid'),
(280, 1800.00, 0.50, 900.00, 12, '2022-09-01 00:00:00.000000', 'unpaid'),
(281, 1950.00, 0.50, 975.00, 13, '2022-09-01 00:00:00.000000', 'unpaid'),
(282, 2000.00, 0.50, 1000.00, 14, '2022-09-01 00:00:00.000000', 'unpaid'),
(283, 150.00, 0.50, 75.00, 15, '2022-09-01 00:00:00.000000', 'unpaid'),
(284, 300.00, 0.50, 150.00, 16, '2022-09-01 00:00:00.000000', 'unpaid'),
(285, 450.00, 0.50, 225.00, 17, '2022-09-01 00:00:00.000000', 'unpaid'),
(286, 600.00, 0.50, 300.00, 18, '2022-09-01 00:00:00.000000', 'unpaid'),
(287, 750.00, 0.50, 375.00, 19, '2022-09-01 00:00:00.000000', 'unpaid'),
(288, 900.00, 0.50, 450.00, 20, '2022-09-01 00:00:00.000000', 'unpaid'),
(289, 1050.00, 0.50, 525.00, 21, '2022-09-01 00:00:00.000000', 'unpaid'),
(290, 150.00, 0.50, 75.00, 1, '2022-10-01 00:00:00.000000', 'unpaid'),
(291, 300.00, 0.50, 150.00, 2, '2022-10-01 00:00:00.000000', 'unpaid'),
(292, 450.00, 0.50, 225.00, 3, '2022-10-01 00:00:00.000000', 'unpaid'),
(293, 600.00, 0.50, 300.00, 4, '2022-10-01 00:00:00.000000', 'unpaid'),
(294, 750.00, 0.50, 375.00, 5, '2022-10-01 00:00:00.000000', 'unpaid'),
(295, 900.00, 0.50, 450.00, 6, '2022-10-01 00:00:00.000000', 'unpaid'),
(296, 1050.00, 0.50, 525.00, 7, '2022-10-01 00:00:00.000000', 'unpaid'),
(297, 1200.00, 0.50, 600.00, 8, '2022-10-01 00:00:00.000000', 'unpaid'),
(298, 1350.00, 0.50, 675.00, 9, '2022-10-01 00:00:00.000000', 'unpaid'),
(299, 1500.00, 0.50, 750.00, 10, '2022-10-01 00:00:00.000000', 'unpaid'),
(300, 1650.00, 0.50, 825.00, 11, '2022-10-01 00:00:00.000000', 'unpaid'),
(301, 1800.00, 0.50, 900.00, 12, '2022-10-01 00:00:00.000000', 'unpaid'),
(302, 1950.00, 0.50, 975.00, 13, '2022-10-01 00:00:00.000000', 'unpaid'),
(303, 2000.00, 0.50, 1000.00, 14, '2022-10-01 00:00:00.000000', 'unpaid'),
(304, 150.00, 0.50, 75.00, 15, '2022-10-01 00:00:00.000000', 'unpaid'),
(305, 300.00, 0.50, 150.00, 16, '2022-10-01 00:00:00.000000', 'unpaid'),
(306, 450.00, 0.50, 225.00, 17, '2022-10-01 00:00:00.000000', 'unpaid'),
(307, 600.00, 0.50, 300.00, 18, '2022-10-01 00:00:00.000000', 'unpaid'),
(308, 750.00, 0.50, 375.00, 19, '2022-10-01 00:00:00.000000', 'unpaid'),
(309, 900.00, 0.50, 450.00, 20, '2022-10-01 00:00:00.000000', 'unpaid'),
(310, 1050.00, 0.50, 525.00, 21, '2022-10-01 00:00:00.000000', 'unpaid'),
(311, 150.00, 0.50, 75.00, 1, '2022-11-01 00:00:00.000000', 'unpaid'),
(312, 300.00, 0.50, 150.00, 2, '2022-11-01 00:00:00.000000', 'unpaid'),
(313, 450.00, 0.50, 225.00, 3, '2022-11-01 00:00:00.000000', 'unpaid'),
(314, 600.00, 0.50, 300.00, 4, '2022-11-01 00:00:00.000000', 'unpaid'),
(315, 750.00, 0.50, 375.00, 5, '2022-11-01 00:00:00.000000', 'unpaid'),
(316, 900.00, 0.50, 450.00, 6, '2022-11-01 00:00:00.000000', 'unpaid'),
(317, 1050.00, 0.50, 525.00, 7, '2022-11-01 00:00:00.000000', 'unpaid'),
(318, 1200.00, 0.50, 600.00, 8, '2022-11-01 00:00:00.000000', 'unpaid'),
(319, 1350.00, 0.50, 675.00, 9, '2022-11-01 00:00:00.000000', 'unpaid'),
(320, 1500.00, 0.50, 750.00, 10, '2022-11-01 00:00:00.000000', 'unpaid'),
(321, 1650.00, 0.50, 825.00, 11, '2022-11-01 00:00:00.000000', 'unpaid'),
(322, 1800.00, 0.50, 900.00, 12, '2022-11-01 00:00:00.000000', 'unpaid'),
(323, 1950.00, 0.50, 975.00, 13, '2022-11-01 00:00:00.000000', 'unpaid'),
(324, 2000.00, 0.50, 1000.00, 14, '2022-11-01 00:00:00.000000', 'unpaid'),
(325, 150.00, 0.50, 75.00, 15, '2022-11-01 00:00:00.000000', 'unpaid'),
(326, 300.00, 0.50, 150.00, 16, '2022-11-01 00:00:00.000000', 'unpaid'),
(327, 450.00, 0.50, 225.00, 17, '2022-11-01 00:00:00.000000', 'unpaid'),
(328, 600.00, 0.50, 300.00, 18, '2022-11-01 00:00:00.000000', 'unpaid'),
(329, 750.00, 0.50, 375.00, 19, '2022-11-01 00:00:00.000000', 'unpaid'),
(330, 900.00, 0.50, 450.00, 20, '2022-11-01 00:00:00.000000', 'unpaid'),
(331, 1050.00, 0.50, 525.00, 21, '2022-11-01 00:00:00.000000', 'unpaid'),
(332, 150.00, 0.50, 75.00, 1, '2022-12-01 00:00:00.000000', 'unpaid'),
(333, 300.00, 0.50, 150.00, 2, '2022-12-01 00:00:00.000000', 'unpaid'),
(334, 450.00, 0.50, 225.00, 3, '2022-12-01 00:00:00.000000', 'unpaid'),
(335, 600.00, 0.50, 300.00, 4, '2022-12-01 00:00:00.000000', 'unpaid'),
(336, 750.00, 0.50, 375.00, 5, '2022-12-01 00:00:00.000000', 'unpaid'),
(337, 900.00, 0.50, 450.00, 6, '2022-12-01 00:00:00.000000', 'unpaid'),
(338, 1050.00, 0.50, 525.00, 7, '2022-12-01 00:00:00.000000', 'unpaid'),
(339, 1200.00, 0.50, 600.00, 8, '2022-12-01 00:00:00.000000', 'unpaid'),
(340, 1350.00, 0.50, 675.00, 9, '2022-12-01 00:00:00.000000', 'unpaid'),
(341, 1500.00, 0.50, 750.00, 10, '2022-12-01 00:00:00.000000', 'unpaid'),
(342, 1650.00, 0.50, 825.00, 11, '2022-12-01 00:00:00.000000', 'unpaid'),
(343, 1800.00, 0.50, 900.00, 12, '2022-12-01 00:00:00.000000', 'unpaid'),
(344, 1950.00, 0.50, 975.00, 13, '2022-12-01 00:00:00.000000', 'unpaid'),
(345, 2000.00, 0.50, 1000.00, 14, '2022-12-01 00:00:00.000000', 'unpaid'),
(346, 150.00, 0.50, 75.00, 15, '2022-12-01 00:00:00.000000', 'unpaid'),
(347, 300.00, 0.50, 150.00, 16, '2022-12-01 00:00:00.000000', 'unpaid'),
(348, 450.00, 0.50, 225.00, 17, '2022-12-01 00:00:00.000000', 'unpaid'),
(349, 600.00, 0.50, 300.00, 18, '2022-12-01 00:00:00.000000', 'unpaid'),
(350, 750.00, 0.50, 375.00, 19, '2022-12-01 00:00:00.000000', 'unpaid'),
(351, 900.00, 0.50, 450.00, 20, '2022-12-01 00:00:00.000000', 'unpaid'),
(352, 1050.00, 0.50, 525.00, 21, '2022-12-01 00:00:00.000000', 'unpaid'),
(353, 150.00, 0.50, 75.00, 1, '2023-01-01 00:00:00.000000', 'unpaid'),
(354, 300.00, 0.50, 150.00, 2, '2023-01-01 00:00:00.000000', 'unpaid'),
(355, 450.00, 0.50, 225.00, 3, '2023-01-01 00:00:00.000000', 'unpaid'),
(356, 600.00, 0.50, 300.00, 4, '2023-01-01 00:00:00.000000', 'unpaid'),
(357, 750.00, 0.50, 375.00, 5, '2023-01-01 00:00:00.000000', 'unpaid'),
(358, 900.00, 0.50, 450.00, 6, '2023-01-01 00:00:00.000000', 'unpaid'),
(359, 1050.00, 0.50, 525.00, 7, '2023-01-01 00:00:00.000000', 'unpaid'),
(360, 1200.00, 0.50, 600.00, 8, '2023-01-01 00:00:00.000000', 'unpaid'),
(361, 1350.00, 0.50, 675.00, 9, '2023-01-01 00:00:00.000000', 'unpaid'),
(362, 1500.00, 0.50, 750.00, 10, '2023-01-01 00:00:00.000000', 'unpaid'),
(363, 1650.00, 0.50, 825.00, 11, '2023-01-01 00:00:00.000000', 'unpaid'),
(364, 1800.00, 0.50, 900.00, 12, '2023-01-01 00:00:00.000000', 'unpaid'),
(365, 1950.00, 0.50, 975.00, 13, '2023-01-01 00:00:00.000000', 'unpaid'),
(366, 2000.00, 0.50, 1000.00, 14, '2023-01-01 00:00:00.000000', 'unpaid'),
(367, 150.00, 0.50, 75.00, 15, '2023-01-01 00:00:00.000000', 'unpaid'),
(368, 300.00, 0.50, 150.00, 16, '2023-01-01 00:00:00.000000', 'unpaid'),
(369, 450.00, 0.50, 225.00, 17, '2023-01-01 00:00:00.000000', 'unpaid'),
(370, 600.00, 0.50, 300.00, 18, '2023-01-01 00:00:00.000000', 'unpaid'),
(371, 750.00, 0.50, 375.00, 19, '2023-01-01 00:00:00.000000', 'unpaid'),
(372, 900.00, 0.50, 450.00, 20, '2023-01-01 00:00:00.000000', 'unpaid'),
(373, 1050.00, 0.50, 525.00, 21, '2023-01-01 00:00:00.000000', 'unpaid'),
(374, 150.00, 0.50, 75.00, 1, '2023-02-01 00:00:00.000000', 'unpaid'),
(375, 300.00, 0.50, 150.00, 2, '2023-02-01 00:00:00.000000', 'unpaid'),
(376, 450.00, 0.50, 225.00, 3, '2023-02-01 00:00:00.000000', 'unpaid'),
(377, 600.00, 0.50, 300.00, 4, '2023-02-01 00:00:00.000000', 'unpaid'),
(378, 750.00, 0.50, 375.00, 5, '2023-02-01 00:00:00.000000', 'unpaid'),
(379, 900.00, 0.50, 450.00, 6, '2023-02-01 00:00:00.000000', 'unpaid'),
(380, 1050.00, 0.50, 525.00, 7, '2023-02-01 00:00:00.000000', 'unpaid'),
(381, 1200.00, 0.50, 600.00, 8, '2023-02-01 00:00:00.000000', 'unpaid'),
(382, 1350.00, 0.50, 675.00, 9, '2023-02-01 00:00:00.000000', 'unpaid'),
(383, 1500.00, 0.50, 750.00, 10, '2023-02-01 00:00:00.000000', 'unpaid'),
(384, 1650.00, 0.50, 825.00, 11, '2023-02-01 00:00:00.000000', 'unpaid'),
(385, 1800.00, 0.50, 900.00, 12, '2023-02-01 00:00:00.000000', 'unpaid'),
(386, 1950.00, 0.50, 975.00, 13, '2023-02-01 00:00:00.000000', 'unpaid'),
(387, 2000.00, 0.50, 1000.00, 14, '2023-02-01 00:00:00.000000', 'unpaid'),
(388, 150.00, 0.50, 75.00, 15, '2023-02-01 00:00:00.000000', 'unpaid'),
(389, 300.00, 0.50, 150.00, 16, '2023-02-01 00:00:00.000000', 'unpaid'),
(390, 450.00, 0.50, 225.00, 17, '2023-02-01 00:00:00.000000', 'unpaid'),
(391, 600.00, 0.50, 300.00, 18, '2023-02-01 00:00:00.000000', 'unpaid'),
(392, 750.00, 0.50, 375.00, 19, '2023-02-01 00:00:00.000000', 'unpaid'),
(393, 900.00, 0.50, 450.00, 20, '2023-02-01 00:00:00.000000', 'unpaid'),
(394, 1050.00, 0.50, 525.00, 21, '2023-02-01 00:00:00.000000', 'unpaid'),
(395, 150.00, 0.50, 75.00, 1, '2023-03-01 00:00:00.000000', 'unpaid'),
(396, 300.00, 0.50, 150.00, 2, '2023-03-01 00:00:00.000000', 'unpaid'),
(397, 450.00, 0.50, 225.00, 3, '2023-03-01 00:00:00.000000', 'unpaid'),
(398, 600.00, 0.50, 300.00, 4, '2023-03-01 00:00:00.000000', 'unpaid'),
(399, 750.00, 0.50, 375.00, 5, '2023-03-01 00:00:00.000000', 'unpaid'),
(400, 900.00, 0.50, 450.00, 6, '2023-03-01 00:00:00.000000', 'unpaid'),
(401, 1050.00, 0.50, 525.00, 7, '2023-03-01 00:00:00.000000', 'unpaid'),
(402, 1200.00, 0.50, 600.00, 8, '2023-03-01 00:00:00.000000', 'unpaid'),
(403, 1350.00, 0.50, 675.00, 9, '2023-03-01 00:00:00.000000', 'unpaid'),
(404, 1500.00, 0.50, 750.00, 10, '2023-03-01 00:00:00.000000', 'unpaid'),
(405, 1650.00, 0.50, 825.00, 11, '2023-03-01 00:00:00.000000', 'unpaid'),
(406, 1800.00, 0.50, 900.00, 12, '2023-03-01 00:00:00.000000', 'unpaid'),
(407, 1950.00, 0.50, 975.00, 13, '2023-03-01 00:00:00.000000', 'unpaid'),
(408, 2000.00, 0.50, 1000.00, 14, '2023-03-01 00:00:00.000000', 'unpaid'),
(409, 150.00, 0.50, 75.00, 15, '2023-03-01 00:00:00.000000', 'unpaid'),
(410, 300.00, 0.50, 150.00, 16, '2023-03-01 00:00:00.000000', 'unpaid'),
(411, 450.00, 0.50, 225.00, 17, '2023-03-01 00:00:00.000000', 'unpaid'),
(412, 600.00, 0.50, 300.00, 18, '2023-03-01 00:00:00.000000', 'unpaid'),
(413, 750.00, 0.50, 375.00, 19, '2023-03-01 00:00:00.000000', 'unpaid'),
(414, 900.00, 0.50, 450.00, 20, '2023-03-01 00:00:00.000000', 'unpaid'),
(415, 1050.00, 0.50, 525.00, 21, '2023-03-01 00:00:00.000000', 'unpaid'),
(416, 150.00, 0.50, 75.00, 1, '2023-04-01 00:00:00.000000', 'unpaid'),
(417, 300.00, 0.50, 150.00, 2, '2023-04-01 00:00:00.000000', 'unpaid'),
(418, 450.00, 0.50, 225.00, 3, '2023-04-01 00:00:00.000000', 'unpaid'),
(419, 600.00, 0.50, 300.00, 4, '2023-04-01 00:00:00.000000', 'unpaid'),
(420, 750.00, 0.50, 375.00, 5, '2023-04-01 00:00:00.000000', 'unpaid'),
(421, 900.00, 0.50, 450.00, 6, '2023-04-01 00:00:00.000000', 'unpaid'),
(422, 1050.00, 0.50, 525.00, 7, '2023-04-01 00:00:00.000000', 'unpaid'),
(423, 1200.00, 0.50, 600.00, 8, '2023-04-01 00:00:00.000000', 'unpaid'),
(424, 1350.00, 0.50, 675.00, 9, '2023-04-01 00:00:00.000000', 'unpaid'),
(425, 1500.00, 0.50, 750.00, 10, '2023-04-01 00:00:00.000000', 'unpaid'),
(426, 1650.00, 0.50, 825.00, 11, '2023-04-01 00:00:00.000000', 'unpaid'),
(427, 1800.00, 0.50, 900.00, 12, '2023-04-01 00:00:00.000000', 'unpaid'),
(428, 1950.00, 0.50, 975.00, 13, '2023-04-01 00:00:00.000000', 'unpaid'),
(429, 2000.00, 0.50, 1000.00, 14, '2023-04-01 00:00:00.000000', 'unpaid'),
(430, 150.00, 0.50, 75.00, 15, '2023-04-01 00:00:00.000000', 'unpaid'),
(431, 300.00, 0.50, 150.00, 16, '2023-04-01 00:00:00.000000', 'unpaid'),
(432, 450.00, 0.50, 225.00, 17, '2023-04-01 00:00:00.000000', 'unpaid'),
(433, 600.00, 0.50, 300.00, 18, '2023-04-01 00:00:00.000000', 'unpaid'),
(434, 750.00, 0.50, 375.00, 19, '2023-04-01 00:00:00.000000', 'unpaid'),
(435, 900.00, 0.50, 450.00, 20, '2023-04-01 00:00:00.000000', 'unpaid'),
(436, 1050.00, 0.50, 525.00, 21, '2023-04-01 00:00:00.000000', 'unpaid');

-- --------------------------------------------------------

--
-- Table structure for table `__efmigrationshistory`
--

CREATE TABLE `__efmigrationshistory` (
  `MigrationId` varchar(150) NOT NULL,
  `ProductVersion` varchar(32) NOT NULL
) ENGINE=InnoDB DEFAULT CHARSET=utf8mb4 COLLATE=utf8mb4_general_ci;

--
-- Dumping data for table `__efmigrationshistory`
--

INSERT INTO `__efmigrationshistory` (`MigrationId`, `ProductVersion`) VALUES
('20241009095329_UpdateRegsTable', '8.0.0'),
('20241009095823_InitialIdentityCreate', '8.0.0'),
('20241010085140_Due', '8.0.0'),
('20241011080054_UpdateWaterStatus', '8.0.0');

--
-- Indexes for dumped tables
--

--
-- Indexes for table `aspnetroleclaims`
--
ALTER TABLE `aspnetroleclaims`
  ADD PRIMARY KEY (`Id`),
  ADD KEY `IX_AspNetRoleClaims_RoleId` (`RoleId`);

--
-- Indexes for table `aspnetroles`
--
ALTER TABLE `aspnetroles`
  ADD PRIMARY KEY (`Id`),
  ADD UNIQUE KEY `RoleNameIndex` (`NormalizedName`);

--
-- Indexes for table `aspnetuserclaims`
--
ALTER TABLE `aspnetuserclaims`
  ADD PRIMARY KEY (`Id`),
  ADD KEY `IX_AspNetUserClaims_UserId` (`UserId`);

--
-- Indexes for table `aspnetuserlogins`
--
ALTER TABLE `aspnetuserlogins`
  ADD PRIMARY KEY (`LoginProvider`,`ProviderKey`),
  ADD KEY `IX_AspNetUserLogins_UserId` (`UserId`);

--
-- Indexes for table `aspnetuserroles`
--
ALTER TABLE `aspnetuserroles`
  ADD PRIMARY KEY (`UserId`,`RoleId`),
  ADD KEY `IX_AspNetUserRoles_RoleId` (`RoleId`);

--
-- Indexes for table `aspnetusers`
--
ALTER TABLE `aspnetusers`
  ADD PRIMARY KEY (`Id`),
  ADD UNIQUE KEY `UserNameIndex` (`NormalizedUserName`),
  ADD KEY `EmailIndex` (`NormalizedEmail`);

--
-- Indexes for table `aspnetusertokens`
--
ALTER TABLE `aspnetusertokens`
  ADD PRIMARY KEY (`UserId`,`LoginProvider`,`Name`);

--
-- Indexes for table `bills`
--
ALTER TABLE `bills`
  ADD PRIMARY KEY (`BillId`),
  ADD KEY `IX_bills_ElectricityId` (`ElectricityId`),
  ADD KEY `IX_bills_TarriffId` (`TarriffId`),
  ADD KEY `IX_bills_UserId` (`UserId`),
  ADD KEY `IX_bills_WaterId` (`WaterId`);

--
-- Indexes for table `electricities`
--
ALTER TABLE `electricities`
  ADD PRIMARY KEY (`ElectricityId`),
  ADD KEY `IX_electricities_RegUserId` (`RegUserId`);

--
-- Indexes for table `regs`
--
ALTER TABLE `regs`
  ADD PRIMARY KEY (`UserId`);

--
-- Indexes for table `tarriffs`
--
ALTER TABLE `tarriffs`
  ADD PRIMARY KEY (`TarriffId`);

--
-- Indexes for table `waters`
--
ALTER TABLE `waters`
  ADD PRIMARY KEY (`WaterId`),
  ADD KEY `IX_waters_RegUserId` (`RegUserId`);

--
-- Indexes for table `__efmigrationshistory`
--
ALTER TABLE `__efmigrationshistory`
  ADD PRIMARY KEY (`MigrationId`);

--
-- AUTO_INCREMENT for dumped tables
--

--
-- AUTO_INCREMENT for table `aspnetroleclaims`
--
ALTER TABLE `aspnetroleclaims`
  MODIFY `Id` int(11) NOT NULL AUTO_INCREMENT;

--
-- AUTO_INCREMENT for table `aspnetuserclaims`
--
ALTER TABLE `aspnetuserclaims`
  MODIFY `Id` int(11) NOT NULL AUTO_INCREMENT;

--
-- AUTO_INCREMENT for table `bills`
--
ALTER TABLE `bills`
  MODIFY `BillId` int(11) NOT NULL AUTO_INCREMENT;

--
-- AUTO_INCREMENT for table `electricities`
--
ALTER TABLE `electricities`
  MODIFY `ElectricityId` int(11) NOT NULL AUTO_INCREMENT, AUTO_INCREMENT=49;

--
-- AUTO_INCREMENT for table `regs`
--
ALTER TABLE `regs`
  MODIFY `UserId` int(11) NOT NULL AUTO_INCREMENT, AUTO_INCREMENT=23;

--
-- AUTO_INCREMENT for table `tarriffs`
--
ALTER TABLE `tarriffs`
  MODIFY `TarriffId` int(11) NOT NULL AUTO_INCREMENT;

--
-- AUTO_INCREMENT for table `waters`
--
ALTER TABLE `waters`
  MODIFY `WaterId` int(11) NOT NULL AUTO_INCREMENT, AUTO_INCREMENT=437;

--
-- Constraints for dumped tables
--

--
-- Constraints for table `aspnetroleclaims`
--
ALTER TABLE `aspnetroleclaims`
  ADD CONSTRAINT `FK_AspNetRoleClaims_AspNetRoles_RoleId` FOREIGN KEY (`RoleId`) REFERENCES `aspnetroles` (`Id`) ON DELETE CASCADE;

--
-- Constraints for table `aspnetuserclaims`
--
ALTER TABLE `aspnetuserclaims`
  ADD CONSTRAINT `FK_AspNetUserClaims_AspNetUsers_UserId` FOREIGN KEY (`UserId`) REFERENCES `aspnetusers` (`Id`) ON DELETE CASCADE;

--
-- Constraints for table `aspnetuserlogins`
--
ALTER TABLE `aspnetuserlogins`
  ADD CONSTRAINT `FK_AspNetUserLogins_AspNetUsers_UserId` FOREIGN KEY (`UserId`) REFERENCES `aspnetusers` (`Id`) ON DELETE CASCADE;

--
-- Constraints for table `aspnetuserroles`
--
ALTER TABLE `aspnetuserroles`
  ADD CONSTRAINT `FK_AspNetUserRoles_AspNetRoles_RoleId` FOREIGN KEY (`RoleId`) REFERENCES `aspnetroles` (`Id`) ON DELETE CASCADE,
  ADD CONSTRAINT `FK_AspNetUserRoles_AspNetUsers_UserId` FOREIGN KEY (`UserId`) REFERENCES `aspnetusers` (`Id`) ON DELETE CASCADE;

--
-- Constraints for table `aspnetusertokens`
--
ALTER TABLE `aspnetusertokens`
  ADD CONSTRAINT `FK_AspNetUserTokens_AspNetUsers_UserId` FOREIGN KEY (`UserId`) REFERENCES `aspnetusers` (`Id`) ON DELETE CASCADE;

--
-- Constraints for table `bills`
--
ALTER TABLE `bills`
  ADD CONSTRAINT `FK_bills_Regs_UserId` FOREIGN KEY (`UserId`) REFERENCES `regs` (`UserId`),
  ADD CONSTRAINT `FK_bills_electricities_ElectricityId` FOREIGN KEY (`ElectricityId`) REFERENCES `electricities` (`ElectricityId`),
  ADD CONSTRAINT `FK_bills_tarriffs_TarriffId` FOREIGN KEY (`TarriffId`) REFERENCES `tarriffs` (`TarriffId`) ON DELETE CASCADE,
  ADD CONSTRAINT `FK_bills_waters_WaterId` FOREIGN KEY (`WaterId`) REFERENCES `waters` (`WaterId`);

--
-- Constraints for table `electricities`
--
ALTER TABLE `electricities`
  ADD CONSTRAINT `FK_electricities_Regs_RegUserId` FOREIGN KEY (`RegUserId`) REFERENCES `regs` (`UserId`) ON DELETE CASCADE;

--
-- Constraints for table `waters`
--
ALTER TABLE `waters`
  ADD CONSTRAINT `FK_waters_Regs_RegUserId` FOREIGN KEY (`RegUserId`) REFERENCES `regs` (`UserId`) ON DELETE CASCADE;
COMMIT;

/*!40101 SET CHARACTER_SET_CLIENT=@OLD_CHARACTER_SET_CLIENT */;
/*!40101 SET CHARACTER_SET_RESULTS=@OLD_CHARACTER_SET_RESULTS */;
/*!40101 SET COLLATION_CONNECTION=@OLD_COLLATION_CONNECTION */;
